CalendarDay,Material,Region,SalesOrg,Quantity,NetValue,Currency
2026-01-01,M-300,EMEA,1000,10,166.86,EUR
2026-01-01,M-100,APAC,2000,5,130.34,EUR
2026-01-01,M-100,AMER,3000,24,499.71,EUR
2026-01-02,M-500,EMEA,1000,14,123.55,EUR
2026-01-02,M-400,APAC,2000,27,257.49,EUR
2026-01-02,M-100,AMER,3000,36,624.22,EUR
2026-01-03,M-500,EMEA,1000,8,230.75,EUR
2026-01-03,M-500,APAC,2000,4,82.79,EUR
2026-01-03,M-400,AMER,3000,4,117.91,EUR
2026-01-04,M-100,EMEA,1000,36,967.91,EUR
2026-01-04,M-300,APAC,2000,27,301.69,EUR
2026-01-04,M-100,AMER,3000,37,547.1,EUR
2026-01-05,M-200,EMEA,1000,7,145.57,EUR
2026-01-05,M-200,APAC,2000,24,243.44,EUR
2026-01-05,M-100,AMER,3000,37,344.52,EUR
2026-01-06,M-200,EMEA,1000,32,735.0,EUR
2026-01-06,M-400,APAC,2000,50,745.56,EUR
2026-01-06,M-500,AMER,3000,30,478.64,EUR
2026-01-07,M-200,EMEA,1000,12,280.53,EUR
2026-01-07,M-200,APAC,2000,6,123.82,EUR
2026-01-07,M-500,AMER,3000,32,872.1,EUR
2026-01-08,M-400,EMEA,1000,19,406.54,EUR
2026-01-08,M-100,APAC,2000,8,154.1,EUR
2026-01-08,M-200,AMER,3000,49,760.74,EUR
2026-01-09,M-400,EMEA,1000,27,239.29,EUR
2026-01-09,M-100,APAC,2000,49,993.61,EUR
2026-01-09,M-300,AMER,3000,22,512.52,EUR
2026-01-10,M-500,EMEA,1000,32,664.25,EUR
2026-01-10,M-400,APAC,2000,5,132.4,EUR
2026-01-10,M-300,AMER,3000,31,723.38,EUR
2026-01-11,M-100,EMEA,1000,4,96.34,EUR
2026-01-11,M-300,APAC,2000,42,870.02,EUR
2026-01-11,M-400,AMER,3000,19,451.55,EUR
2026-01-12,M-300,EMEA,1000,2,57.39,EUR
2026-01-12,M-300,APAC,2000,11,235.84,EUR
2026-01-12,M-400,AMER,3000,4,51.2,EUR
2026-01-13,M-300,EMEA,1000,9,218.2,EUR
2026-01-13,M-400,APAC,2000,26,732.42,EUR
2026-01-13,M-400,AMER,3000,6,69.96,EUR
2026-01-14,M-400,EMEA,1000,36,508.05,EUR
2026-01-14,M-200,APAC,2000,28,756.21,EUR
2026-01-14,M-300,AMER,3000,46,788.28,EUR
2026-01-15,M-300,EMEA,1000,44,1207.9,EUR
2026-01-15,M-200,APAC,2000,10,98.26,EUR
2026-01-15,M-200,AMER,3000,15,337.31,EUR
2026-01-16,M-100,EMEA,1000,32,841.09,EUR
2026-01-16,M-200,APAC,2000,17,241.44,EUR
2026-01-16,M-200,AMER,3000,27,533.55,EUR
2026-01-17,M-500,EMEA,1000,37,555.35,EUR
2026-01-17,M-200,APAC,2000,45,1210.61,EUR
2026-01-17,M-500,AMER,3000,42,960.81,EUR
2026-01-18,M-100,EMEA,1000,30,833.69,EUR
2026-01-18,M-500,APAC,2000,26,435.7,EUR
2026-01-18,M-400,AMER,3000,7,130.15,EUR
2026-01-19,M-400,EMEA,1000,4,48.77,EUR
2026-01-19,M-200,APAC,2000,29,335.55,EUR
2026-01-19,M-300,AMER,3000,39,357.11,EUR
2026-01-20,M-100,EMEA,1000,37,419.13,EUR
2026-01-20,M-100,APAC,2000,24,516.05,EUR
2026-01-20,M-100,AMER,3000,14,301.13,EUR
2026-01-21,M-200,EMEA,1000,41,555.54,EUR
2026-01-21,M-300,APAC,2000,39,624.45,EUR
2026-01-21,M-100,AMER,3000,8,213.41,EUR
2026-01-22,M-400,EMEA,1000,31,577.98,EUR
2026-01-22,M-100,APAC,2000,10,102.48,EUR
2026-01-22,M-300,AMER,3000,48,663.58,EUR
2026-01-23,M-200,EMEA,1000,34,289.28,EUR
2026-01-23,M-500,APAC,2000,24,269.41,EUR
2026-01-23,M-500,AMER,3000,2,49.36,EUR
2026-01-24,M-300,EMEA,1000,42,1133.71,EUR
2026-01-24,M-300,APAC,2000,34,546.29,EUR
2026-01-24,M-200,AMER,3000,23,574.6,EUR
2026-01-25,M-500,EMEA,1000,35,879.87,EUR
2026-01-25,M-300,APAC,2000,41,529.18,EUR
2026-01-25,M-200,AMER,3000,16,416.05,EUR
2026-01-26,M-200,EMEA,1000,13,252.04,EUR
2026-01-26,M-300,APAC,2000,47,405.97,EUR
2026-01-26,M-100,AMER,3000,18,331.01,EUR
2026-01-27,M-200,EMEA,1000,45,959.09,EUR
2026-01-27,M-300,APAC,2000,29,747.86,EUR
2026-01-27,M-300,AMER,3000,24,234.52,EUR
2026-01-28,M-100,EMEA,1000,15,275.13,EUR
2026-01-28,M-300,APAC,2000,14,260.66,EUR
2026-01-28,M-500,AMER,3000,1,18.55,EUR
2026-01-29,M-300,EMEA,1000,42,414.34,EUR
2026-01-29,M-100,APAC,2000,25,630.27,EUR
2026-01-29,M-200,AMER,3000,31,854.31,EUR
2026-01-30,M-400,EMEA,1000,41,627.93,EUR
2026-01-30,M-400,APAC,2000,30,504.92,EUR
2026-01-30,M-100,AMER,3000,47,540.26,EUR
2026-01-31,M-200,EMEA,1000,2,22.65,EUR
2026-01-31,M-400,APAC,2000,42,471.07,EUR
2026-01-31,M-500,AMER,3000,31,696.26,EUR
2026-02-01,M-300,EMEA,1000,10,200.71,EUR
2026-02-01,M-200,APAC,2000,2,16.63,EUR
2026-02-01,M-100,AMER,3000,34,832.62,EUR
2026-02-02,M-200,EMEA,1000,28,831.71,EUR
2026-02-02,M-200,APAC,2000,14,120.62,EUR
2026-02-02,M-200,AMER,3000,19,361.49,EUR
2026-02-03,M-500,EMEA,1000,21,287.83,EUR
2026-02-03,M-400,APAC,2000,9,84.06,EUR
2026-02-03,M-300,AMER,3000,30,677.23,EUR
2026-02-04,M-500,EMEA,1000,27,707.32,EUR
2026-02-04,M-500,APAC,2000,9,177.3,EUR
2026-02-04,M-500,AMER,3000,33,277.58,EUR
2026-02-05,M-400,EMEA,1000,50,601.42,EUR
2026-02-05,M-100,APAC,2000,50,1279.09,EUR
2026-02-05,M-200,AMER,3000,10,184.17,EUR
2026-02-06,M-100,EMEA,1000,36,336.91,EUR
2026-02-06,M-500,APAC,2000,34,687.47,EUR
2026-02-06,M-100,AMER,3000,36,333.0,EUR
2026-02-07,M-200,EMEA,1000,18,160.71,EUR
2026-02-07,M-100,APAC,2000,33,592.28,EUR
2026-02-07,M-100,AMER,3000,49,1355.75,EUR
2026-02-08,M-100,EMEA,1000,29,439.74,EUR
2026-02-08,M-500,APAC,2000,39,751.43,EUR
2026-02-08,M-300,AMER,3000,29,556.2,EUR
2026-02-09,M-400,EMEA,1000,33,947.53,EUR
2026-02-09,M-500,APAC,2000,17,481.12,EUR
2026-02-09,M-200,AMER,3000,29,319.49,EUR
2026-02-10,M-100,EMEA,1000,26,460.89,EUR
2026-02-10,M-100,APAC,2000,43,571.64,EUR
2026-02-10,M-100,AMER,3000,14,318.2,EUR
2026-02-11,M-100,EMEA,1000,50,569.89,EUR
2026-02-11,M-300,APAC,2000,10,135.68,EUR
2026-02-11,M-200,AMER,3000,30,384.93,EUR
2026-02-12,M-100,EMEA,1000,26,714.18,EUR
2026-02-12,M-200,APAC,2000,43,1131.49,EUR
2026-02-12,M-200,AMER,3000,46,804.7,EUR
2026-02-13,M-500,EMEA,1000,26,401.97,EUR
2026-02-13,M-200,APAC,2000,23,345.17,EUR
2026-02-13,M-300,AMER,3000,2,30.87,EUR
2026-02-14,M-400,EMEA,1000,29,680.61,EUR
2026-02-14,M-400,APAC,2000,22,426.44,EUR
2026-02-14,M-300,AMER,3000,33,961.52,EUR
2026-02-15,M-100,EMEA,1000,15,440.66,EUR
2026-02-15,M-100,APAC,2000,6,83.05,EUR
2026-02-15,M-100,AMER,3000,50,599.71,EUR
2026-02-16,M-200,EMEA,1000,28,747.35,EUR
2026-02-16,M-300,APAC,2000,26,293.44,EUR
2026-02-16,M-500,AMER,3000,37,698.61,EUR
2026-02-17,M-300,EMEA,1000,6,84.84,EUR
2026-02-17,M-200,APAC,2000,28,775.5,EUR
2026-02-17,M-300,AMER,3000,2,43.92,EUR
2026-02-18,M-300,EMEA,1000,6,128.28,EUR
2026-02-18,M-200,APAC,2000,5,69.09,EUR
2026-02-18,M-100,AMER,3000,30,247.62,EUR
2026-02-19,M-500,EMEA,1000,27,766.44,EUR
2026-02-19,M-300,APAC,2000,40,433.72,EUR
2026-02-19,M-500,AMER,3000,46,609.3,EUR
2026-02-20,M-100,EMEA,1000,11,151.38,EUR
2026-02-20,M-200,APAC,2000,13,370.62,EUR
2026-02-20,M-300,AMER,3000,34,840.1,EUR
2026-02-21,M-300,EMEA,1000,29,551.06,EUR
2026-02-21,M-200,APAC,2000,18,281.41,EUR
2026-02-21,M-100,AMER,3000,17,149.82,EUR
2026-02-22,M-100,EMEA,1000,47,898.85,EUR
2026-02-22,M-200,APAC,2000,33,608.68,EUR
2026-02-22,M-400,AMER,3000,7,157.38,EUR
2026-02-23,M-400,EMEA,1000,43,812.27,EUR
2026-02-23,M-400,APAC,2000,33,487.45,EUR
2026-02-23,M-200,AMER,3000,15,233.09,EUR
2026-02-24,M-200,EMEA,1000,26,773.96,EUR
2026-02-24,M-100,APAC,2000,9,74.82,EUR
2026-02-24,M-300,AMER,3000,28,324.56,EUR
2026-02-25,M-100,EMEA,1000,43,1139.84,EUR
2026-02-25,M-500,APAC,2000,43,1262.5,EUR
2026-02-25,M-500,AMER,3000,16,371.83,EUR
2026-02-26,M-100,EMEA,1000,30,362.33,EUR
2026-02-26,M-300,APAC,2000,29,234.31,EUR
2026-02-26,M-300,AMER,3000,22,646.75,EUR
2026-02-27,M-500,EMEA,1000,21,280.93,EUR
2026-02-27,M-300,APAC,2000,14,221.83,EUR
2026-02-27,M-100,AMER,3000,22,360.71,EUR
2026-02-28,M-400,EMEA,1000,18,343.09,EUR
2026-02-28,M-200,APAC,2000,16,305.67,EUR
2026-02-28,M-100,AMER,3000,6,82.87,EUR
2026-03-01,M-100,EMEA,1000,10,167.89,EUR
2026-03-01,M-100,APAC,2000,26,220.87,EUR
2026-03-01,M-300,AMER,3000,41,537.99,EUR
2026-03-02,M-500,EMEA,1000,34,910.23,EUR
2026-03-02,M-200,APAC,2000,43,1188.59,EUR
2026-03-02,M-500,AMER,3000,25,620.37,EUR
2026-03-03,M-400,EMEA,1000,10,142.52,EUR
2026-03-03,M-500,APAC,2000,42,469.75,EUR
2026-03-03,M-500,AMER,3000,41,715.18,EUR
2026-03-04,M-500,EMEA,1000,9,252.16,EUR
2026-03-04,M-500,APAC,2000,37,975.64,EUR
2026-03-04,M-100,AMER,3000,44,917.37,EUR
2026-03-05,M-200,EMEA,1000,6,52.11,EUR
2026-03-05,M-200,APAC,2000,41,653.36,EUR
2026-03-05,M-100,AMER,3000,25,659.7,EUR
2026-03-06,M-500,EMEA,1000,4,87.24,EUR
2026-03-06,M-500,APAC,2000,44,588.73,EUR
2026-03-06,M-300,AMER,3000,1,18.05,EUR
2026-03-07,M-100,EMEA,1000,48,1368.72,EUR
2026-03-07,M-500,APAC,2000,6,135.03,EUR
2026-03-07,M-100,AMER,3000,48,1162.05,EUR
2026-03-08,M-300,EMEA,1000,5,133.07,EUR
2026-03-08,M-200,APAC,2000,47,1158.16,EUR
2026-03-08,M-200,AMER,3000,48,1070.33,EUR
2026-03-09,M-400,EMEA,1000,32,851.25,EUR
2026-03-09,M-100,APAC,2000,31,868.94,EUR
2026-03-09,M-300,AMER,3000,50,451.42,EUR
2026-03-10,M-200,EMEA,1000,5,105.97,EUR
2026-03-10,M-300,APAC,2000,17,379.67,EUR
2026-03-10,M-300,AMER,3000,40,819.63,EUR
2026-03-11,M-100,EMEA,1000,31,289.37,EUR
2026-03-11,M-300,APAC,2000,44,448.33,EUR
2026-03-11,M-200,AMER,3000,44,825.95,EUR
2026-03-12,M-500,EMEA,1000,19,346.23,EUR
2026-03-12,M-400,APAC,2000,50,530.35,EUR
2026-03-12,M-500,AMER,3000,13,193.14,EUR
2026-03-13,M-100,EMEA,1000,31,259.94,EUR
2026-03-13,M-400,APAC,2000,5,130.19,EUR
2026-03-13,M-400,AMER,3000,18,297.19,EUR
2026-03-14,M-200,EMEA,1000,5,103.96,EUR
2026-03-14,M-200,APAC,2000,48,937.41,EUR
2026-03-14,M-300,AMER,3000,9,191.47,EUR
2026-03-15,M-500,EMEA,1000,18,495.2,EUR
2026-03-15,M-300,APAC,2000,15,284.3,EUR
2026-03-15,M-400,AMER,3000,26,222.21,EUR
2026-03-16,M-100,EMEA,1000,32,735.84,EUR
2026-03-16,M-400,APAC,2000,20,479.96,EUR
2026-03-16,M-400,AMER,3000,23,374.31,EUR
2026-03-17,M-100,EMEA,1000,22,176.84,EUR
2026-03-17,M-300,APAC,2000,26,276.66,EUR
2026-03-17,M-200,AMER,3000,46,379.86,EUR
2026-03-18,M-300,EMEA,1000,17,275.21,EUR
2026-03-18,M-400,APAC,2000,25,749.34,EUR
2026-03-18,M-500,AMER,3000,5,79.68,EUR
2026-03-19,M-400,EMEA,1000,49,688.62,EUR
2026-03-19,M-100,APAC,2000,18,184.28,EUR
2026-03-19,M-300,AMER,3000,41,1171.9,EUR
2026-03-20,M-200,EMEA,1000,18,316.75,EUR
2026-03-20,M-300,APAC,2000,13,325.13,EUR
2026-03-20,M-400,AMER,3000,2,51.73,EUR
2026-03-21,M-400,EMEA,1000,36,722.99,EUR
2026-03-21,M-100,APAC,2000,4,114.14,EUR
2026-03-21,M-400,AMER,3000,29,624.32,EUR
2026-03-22,M-200,EMEA,1000,42,1139.4,EUR
2026-03-22,M-400,APAC,2000,4,112.25,EUR
2026-03-22,M-500,AMER,3000,9,105.81,EUR
2026-03-23,M-400,EMEA,1000,22,312.37,EUR
2026-03-23,M-300,APAC,2000,48,1164.12,EUR
2026-03-23,M-300,AMER,3000,26,583.23,EUR
2026-03-24,M-300,EMEA,1000,31,628.09,EUR
2026-03-24,M-400,APAC,2000,8,93.45,EUR
2026-03-24,M-200,AMER,3000,5,62.87,EUR
2026-03-25,M-400,EMEA,1000,36,462.26,EUR
2026-03-25,M-300,APAC,2000,49,877.06,EUR
2026-03-25,M-200,AMER,3000,36,440.39,EUR
2026-03-26,M-100,EMEA,1000,12,186.28,EUR
2026-03-26,M-100,APAC,2000,21,278.48,EUR
2026-03-26,M-300,AMER,3000,37,460.54,EUR
2026-03-27,M-100,EMEA,1000,48,1303.37,EUR
2026-03-27,M-400,APAC,2000,27,659.03,EUR
2026-03-27,M-200,AMER,3000,25,348.63,EUR
2026-03-28,M-100,EMEA,1000,32,451.37,EUR
2026-03-28,M-300,APAC,2000,9,207.98,EUR
2026-03-28,M-500,AMER,3000,41,1040.86,EUR
2026-03-29,M-200,EMEA,1000,6,83.77,EUR
2026-03-29,M-200,APAC,2000,25,419.87,EUR
2026-03-29,M-400,AMER,3000,28,811.63,EUR
2026-03-30,M-100,EMEA,1000,9,78.38,EUR
2026-03-30,M-400,APAC,2000,38,713.49,EUR
2026-03-30,M-100,AMER,3000,26,740.1,EUR
2026-03-31,M-500,EMEA,1000,30,881.68,EUR
2026-03-31,M-200,APAC,2000,7,90.47,EUR
2026-03-31,M-200,AMER,3000,34,998.97,EUR
